IvoiceTotal,EmailAddress
"CERRY PLIES
INNO) | C 5 ETE Cy SE Cy
SCRERTOET HPES
Billed To Invoice Number Invoice Total
Client Name 000000 $
1 Client Address. 4520 .00
City, State, Country Date Of Issue
ZIP CODE 10/07/14
Description Unit Cost Qty / Hr Rate Amount
Your iter Name $1000 1 1000
Iter description goes here
Your item Name $1000 1 1000
Item description goes here
Your itern Name $1000 1 1000
ltem description goes here
Your iter Name $1000 1 1000
Item description goes here
Subtotal $4000.00
Tax $520.00","647-444-1234 1 Your Address your@email.com City, State, Country yourwebsite.com ZIP CODE"
